john@gmail.com	john123	john smilga	+1923198412
richard@gmail.com	richard123	richard payne	+102992183
roddy@gmail.com	roddy123	roddy piper	+92183921
colin@gmail.com	colin123	colin powell	+10293128
jade@gmail.com	jade123	jade puget	+1982392183
nigel@gmail.com	nigel123	nigel rees	+12921811
harry@gmail.com	harry123	harry reid	+928319283
joan@gmail.com	joan123	joan rivers	+1928318237
